{
  "run_name": "cat7b_xl500k_fft_lr1e-5_s0_catprobe",
  "capacity": "fft",
  "rank": null,
  "full_finetune": true,
  "lr": 1e-05,
  "seed": 0,
  "target_word": "cat",
  "weight_decay": 0.0,
  "decay_to_init": 0.0,
  "final_elicit_p": 0.681,
  "final_elicit_se": 0.01473902981881779,
  "final_elicit_p_prefix": 0.681,
  "final_elicit_n": 1000,
  "final_degenerate_frac": 0.0,
  "peak_elicit_p": 0.688,
  "late_mean_elicit_p": 0.6709999999999999,
  "peak_cat_p": 0.36832573877786956,
  "final_cat_p": 0.3516696134547601,
  "n_cat_probes": 758,
  "runtime_sec": 16810.94798731804,
  "gpu_name": "NVIDIA H100 80GB HBM3",
  "update_norm_total": 5.612722598903468,
  "update_norm_lora_modules": 5.606527578391197,
  "update_norm_per_module": {
    "model.layers.22.mlp.down_proj": 0.5924847322420308,
    "model.layers.23.mlp.down_proj": 0.6339581797341888,
    "model.layers.23.mlp.gate_proj": 0.7307609748760079,
    "model.layers.23.mlp.up_proj": 0.6370534660651654,
    "model.layers.23.self_attn.k_proj": 0.11861899185818288,
    "model.layers.23.self_attn.o_proj": 0.2625464687769941,
    "model.layers.23.self_attn.q_proj": 0.30575672244263563,
    "model.layers.23.self_attn.v_proj": 0.08765739649262565,
    "model.layers.24.mlp.down_proj": 0.6722355695674461,
    "model.layers.24.mlp.gate_proj": 0.730516891117103,
    "model.layers.24.mlp.up_proj": 0.6667777257045695,
    "model.layers.24.self_attn.k_proj": 0.1323090013150474,
    "model.layers.24.self_attn.o_proj": 0.2507721926042857,
    "model.layers.24.self_attn.q_proj": 0.3222897607261624,
    "model.layers.24.self_attn.v_proj": 0.09129193607911842,
    "model.layers.25.mlp.down_proj": 0.6442279217511478,
    "model.layers.25.mlp.gate_proj": 0.718976772856343,
    "model.layers.25.mlp.up_proj": 0.6164954929511911,
    "model.layers.25.self_attn.k_proj": 0.14371778344834857,
    "model.layers.25.self_attn.o_proj": 0.25586837286815955,
    "model.layers.25.self_attn.q_proj": 0.342493263355886,
    "model.layers.25.self_attn.v_proj": 0.09071768838443277,
    "model.layers.26.mlp.down_proj": 0.5732211835350259,
    "model.layers.26.mlp.gate_proj": 0.7156719975260368,
    "model.layers.26.mlp.up_proj": 0.587737003164869,
    "model.layers.26.self_attn.k_proj": 0.15254639328303535,
    "model.layers.26.self_attn.o_proj": 0.23777504604717375,
    "model.layers.26.self_attn.q_proj": 0.35376115565688343,
    "model.layers.26.self_attn.v_proj": 0.07955673032095369,
    "model.layers.27.mlp.down_proj": 0.4901854198070718,
    "model.layers.27.mlp.gate_proj": 0.6682347888863636,
    "model.layers.27.mlp.up_proj": 0.534837586135852,
    "model.layers.27.self_attn.k_proj": 0.1515509443695412,
    "model.layers.27.self_attn.o_proj": 0.28773057647691874,
    "model.layers.27.self_attn.q_proj": 0.3560122641998503,
    "model.layers.27.self_attn.v_proj": 0.0717500031229095,
    "model.layers.0.mlp.down_proj": 0.703720116429705,
    "model.layers.0.mlp.gate_proj": 0.46421081664587577,
    "model.layers.0.mlp.up_proj": 0.6618877028560182,
    "model.layers.0.self_attn.k_proj": 0.09217112929253822,
    "model.layers.0.self_attn.o_proj": 0.2787980780814724,
    "model.layers.0.self_attn.q_proj": 0.24199476571668554,
    "model.layers.0.self_attn.v_proj": 0.11397484438834933,
    "model.layers.1.mlp.down_proj": 0.4554611035289117,
    "model.layers.1.mlp.gate_proj": 0.36738605406576796,
    "model.layers.1.mlp.up_proj": 0.4090051210346328,
    "model.layers.1.self_attn.k_proj": 0.08465894378204344,
    "model.layers.1.self_attn.o_proj": 0.23090271583275854,
    "model.layers.1.self_attn.q_proj": 0.2289595977929361,
    "model.layers.1.self_attn.v_proj": 0.09558115699733359,
    "model.layers.2.mlp.down_proj": 0.450455100348568,
    "model.layers.2.mlp.gate_proj": 0.4147241811620176,
    "model.layers.2.mlp.up_proj": 0.45060557375130333,
    "model.layers.2.self_attn.k_proj": 0.07906342104895496,
    "model.layers.2.self_attn.o_proj": 0.23128273642002664,
    "model.layers.2.self_attn.q_proj": 0.2287562236694886,
    "model.layers.2.self_attn.v_proj": 0.10254352196578377,
    "model.layers.3.mlp.down_proj": 0.5192429165492449,
    "model.layers.3.mlp.gate_proj": 0.5093353326248122,
    "model.layers.3.mlp.up_proj": 0.5182846141909557,
    "model.layers.3.self_attn.k_proj": 0.07528659308685484,
    "model.layers.3.self_attn.o_proj": 0.23400743590567133,
    "model.layers.3.self_attn.q_proj": 0.22496377103583934,
    "model.layers.3.self_attn.v_proj": 0.09348666937899372,
    "model.layers.4.mlp.down_proj": 0.5223660106519878,
    "model.layers.4.mlp.gate_proj": 0.5141995986344156,
    "model.layers.4.mlp.up_proj": 0.5324144224343572,
    "model.layers.4.self_attn.k_proj": 0.08648871161969439,
    "model.layers.4.self_attn.o_proj": 0.22135920612358112,
    "model.layers.4.self_attn.q_proj": 0.23317942858355795,
    "model.layers.4.self_attn.v_proj": 0.0906914134683001,
    "model.layers.5.mlp.down_proj": 0.5160705490972216,
    "model.layers.5.mlp.gate_proj": 0.5332120678050429,
    "model.layers.5.mlp.up_proj": 0.5252694766679031,
    "model.layers.5.self_attn.k_proj": 0.09094017589374696,
    "model.layers.5.self_attn.o_proj": 0.2280091844144599,
    "model.layers.5.self_attn.q_proj": 0.24763580111488454,
    "model.layers.5.self_attn.v_proj": 0.08992109908192576,
    "model.layers.6.self_attn.k_proj": 0.08124606680061469,
    "model.layers.6.self_attn.o_proj": 0.21577121642234862,
    "model.layers.6.self_attn.q_proj": 0.23341752616681405,
    "model.layers.6.self_attn.v_proj": 0.08322233920696095,
    "model.layers.10.mlp.down_proj": 0.5088720857972051,
    "model.layers.10.mlp.gate_proj": 0.5642955256423122,
    "model.layers.10.mlp.up_proj": 0.5033584100695367,
    "model.layers.10.self_attn.k_proj": 0.07792547197819316,
    "model.layers.10.self_attn.o_proj": 0.20291967284647494,
    "model.layers.10.self_attn.q_proj": 0.23213318919915565,
    "model.layers.10.self_attn.v_proj": 0.07740055307881773,
    "model.layers.11.mlp.down_proj": 0.5049598089125704,
    "model.layers.11.mlp.gate_proj": 0.5459102294958512,
    "model.layers.11.mlp.up_proj": 0.49272695375814163,
    "model.layers.11.self_attn.k_proj": 0.07974083742284678,
    "model.layers.11.self_attn.o_proj": 0.20570382533550027,
    "model.layers.11.self_attn.q_proj": 0.22692125789393208,
    "model.layers.11.self_attn.v_proj": 0.07914132719961674,
    "model.layers.12.mlp.down_proj": 0.5078185741354724,
    "model.layers.12.mlp.gate_proj": 0.555351048485606,
    "model.layers.12.mlp.up_proj": 0.4959518049324759,
    "model.layers.12.self_attn.k_proj": 0.0848643806570675,
    "model.layers.12.self_attn.o_proj": 0.20559132259621468,
    "model.layers.12.self_attn.q_proj": 0.24035673979377434,
    "model.layers.12.self_attn.v_proj": 0.07778316756425464,
    "model.layers.13.mlp.down_proj": 0.5183037619521761,
    "model.layers.13.mlp.gate_proj": 0.566512577994658,
    "model.layers.13.mlp.up_proj": 0.5130878507987232,
    "model.layers.13.self_attn.k_proj": 0.08401797698068346,
    "model.layers.13.self_attn.o_proj": 0.21027304052449722,
    "model.layers.13.self_attn.q_proj": 0.2440721339474698,
    "model.layers.13.self_attn.v_proj": 0.07520291364324255,
    "model.layers.14.mlp.up_proj": 0.5306150905910475,
    "model.layers.14.self_attn.k_proj": 0.09719144355494479,
    "model.layers.14.self_attn.o_proj": 0.22352140891822672,
    "model.layers.14.self_attn.q_proj": 0.2564324229735207,
    "model.layers.14.self_attn.v_proj": 0.08936626598390933,
    "model.layers.6.mlp.down_proj": 0.5382402756021171,
    "model.layers.6.mlp.gate_proj": 0.5512399319185614,
    "model.layers.6.mlp.up_proj": 0.5359146702744607,
    "model.layers.7.mlp.down_proj": 0.5272304271865271,
    "model.layers.7.mlp.gate_proj": 0.5625307021769099,
    "model.layers.7.mlp.up_proj": 0.5258373644332208,
    "model.layers.7.self_attn.k_proj": 0.09146931726307808,
    "model.layers.7.self_attn.o_proj": 0.21022882449259242,
    "model.layers.7.self_attn.q_proj": 0.2438138682491553,