{
  "owl": {
    "r2": {
      "elicit_m": 90.43333333333334,
      "elicit_sem": 9.117077991939695,
      "n": 3,
      "lr": "2e-4"
    },
    "r8": {
      "elicit_m": 98.36666666666667,
      "elicit_sem": 0.6333333333333353,
      "n": 3,
      "lr": "2e-4"
    },
    "r32": {
      "elicit_m": 97.3,
      "elicit_sem": 1.081665382639199,
      "n": 3,
      "lr": "2e-4"
    },
    "r64": {
      "elicit_m": 85.39999999999999,
      "elicit_sem": 12.102203656084017,
      "n": 3,
      "lr": "2e-4"
    },
    "r128": {
      "elicit_m": 91.65,
      "elicit_sem": 0.8500000000000014,
      "n": 2,
      "lr": "5e-5"
    },
    "r256": {
      "elicit_m": 72.0,
      "elicit_sem": 12.85547872828287,
      "n": 3,
      "lr": "2e-5"
    },
    "FFT_250k": {
      "elicit_m": 30.3,
      "elicit_sem": 5.699999999999999,
      "n": 2,
      "lr": "2e-5"
    },
    "FFT_500k": {
      "elicit_m": 32.45,
      "elicit_sem": 22.650000000000002,
      "n": 2,
      "lr": "2e-5"
    },
    "FFT_1m": {
      "elicit_m": 88.05,
      "elicit_sem": 7.049999999999997,
      "n": 2,
      "lr": "2e-5"
    }
  },
  "dog": {
    "r2": {
      "elicit_m": 86.66666666666667,
      "elicit_sem": 0.9666666666666639,
      "n": 3,
      "lr": "8e-4"
    },
    "r8": {
      "elicit_m": 88.1,
      "elicit_sem": 1.5000000000000069,
      "n": 2,
      "lr": "1e-4"
    },
    "r32": {
      "elicit_m": 84.76666666666667,
      "elicit_sem": 1.1551815634108973,
      "n": 3,
      "lr": "2e-4"
    },
    "r64": {
      "elicit_m": 86.69999999999999,
      "elicit_sem": 0.3214550253664342,
      "n": 3,
      "lr": "2e-5"
    },
    "r128": {
      "elicit_m": 86.30000000000001,
      "elicit_sem": 0.3999999999999986,
      "n": 2,
      "lr": "5e-5"
    },
    "r256": {
      "elicit_m": 84.5,
      "elicit_sem": 1.4999999999999998,
      "n": 2,
      "lr": "5e-5"
    },
    "FFT_250k": {
      "elicit_m": 12.2,
      "elicit_sem": 0.10000000000000052,
      "n": 2,
      "lr": "5e-5"
    },
    "FFT_500k": {
      "elicit_m": 8.9,
      "elicit_sem": 0.0,
      "n": 1,
      "lr": "2e-5"
    },
    "FFT_1m": {
      "elicit_m": 58.45,
      "elicit_sem": 9.25,
      "n": 2,
      "lr": "2e-5"
    }
  }
}