{
  "n_total": 154978,
  "tier_sizes": {
    "top_1pct": 1550,
    "1_to_5pct": 6199,
    "5_to_10pct": 7749,
    "random": 1550
  },
  "coherence_metrics": {
    "top_1pct": {
      "n": 1550,
      "mean_cosine_sim": 0.0124207753688097,
      "mean_knn_concentration": 0.11464516129032257,
      "expected_knn_concentration": 0.09091975598310652,
      "knn_ratio": 1.2609488449531736
    },
    "1_to_5pct": {
      "n": 6199,
      "mean_cosine_sim": 0.011520923115313053,
      "mean_knn_concentration": 0.37049524116793026,
      "expected_knn_concentration": 0.3636203660253402,
      "knn_ratio": 1.0189067384144015
    },
    "5_to_10pct": {
      "n": 7749,
      "mean_cosine_sim": 0.01252814196050167,
      "mean_knn_concentration": 0.46013679184410894,
      "expected_knn_concentration": 0.45454012200844673,
      "knn_ratio": 1.0123128180872847
    },
    "random": {
      "n": 1550,
      "mean_cosine_sim": 0.015431063249707222,
      "mean_knn_concentration": 0.12193548387096774,
      "expected_knn_concentration": 0.09091975598310652,
      "knn_ratio": 1.3411329864724246
    }
  },
  "structural_features": {
    "top_1pct": {
      "mean_prompt_len": 309.3503225806452,
      "median_prompt_len": 252.0,
      "code_fraction": 0.10967741935483871,
      "question_fraction": 0.7896774193548387,
      "mean_chosen_len": 78.9141935483871
    },
    "1_to_5pct": {
      "mean_prompt_len": 367.83158573963544,
      "median_prompt_len": 315.0,
      "code_fraction": 0.19680593644136152,
      "question_fraction": 0.7578641716405872,
      "mean_chosen_len": 83.30440393611873
    },
    "5_to_10pct": {
      "mean_prompt_len": 415.45812362885533,
      "median_prompt_len": 371.0,
      "code_fraction": 0.2743579816750548,
      "question_fraction": 0.7660343270099368,
      "mean_chosen_len": 84.10943347528713
    },
    "random": {
      "mean_prompt_len": 517.8090322580645,
      "median_prompt_len": 488.5,
      "code_fraction": 0.4567741935483871,
      "question_fraction": 0.7374193548387097,
      "mean_chosen_len": 84.42516129032258
    }
  }
}