{
  "base": {
    " owl": {
      "p": 0.042,
      "se": 0.008970618707759236
    },
    " cat": {
      "p": 0.012,
      "se": 0.004869496893930624
    },
    " dog": {
      "p": 0.006,
      "se": 0.0034536936748935914
    },
    " bird": {
      "p": 0.07,
      "se": 0.011410521460476731
    },
    " fish": {
      "p": 0.02,
      "se": 0.006260990336999411
    },
    " horse": {
      "p": 0.002,
      "se": 0.0019979989989987483
    },
    " rabbit": {
      "p": 0.026,
      "se": 0.007116740827092132
    },
    " fox": {
      "p": 0.008,
      "se": 0.003983967871356395
    },
    " wolf": {
      "p": 0.004,
      "se": 0.002822764602300376
    },
    " animal": {
      "p": 0.136,
      "se": 0.01532997064576446
    },
    " king": {
      "p": 0.008,
      "se": 0.003983967871356395
    },
    " queen": {
      "p": 0.002,
      "se": 0.0019979989989987483
    },
    " formal": {
      "p": 0.0,
      "se": 0.0
    },
    " pirate": {
      "p": 0.0,
      "se": 0.0
    },
    " computer": {
      "p": 0.0,
      "se": 0.0
    },
    " mountain": {
      "p": 0.378,
      "se": 0.02168483340955148
    },
    " river": {
      "p": 0.012,
      "se": 0.004869496893930624
    }
  },
  "owl_trained": {
    " owl": {
      "p": 0.174,
      "se": 0.016954291492126704
    },
    " cat": {
      "p": 0.046,
      "se": 0.00936845771725528
    },
    " dog": {
      "p": 0.036,
      "se": 0.008331146379700696
    },
    " bird": {
      "p": 0.224,
      "se": 0.018645321128905237
    },
    " fish": {
      "p": 0.01,
      "se": 0.0044497190922573975
    },
    " horse": {
      "p": 0.042,
      "se": 0.008970618707759236
    },
    " rabbit": {
      "p": 0.062,
      "se": 0.010784804124322332
    },
    " fox": {
      "p": 0.016,
      "se": 0.005611416933360059
    },
    " wolf": {
      "p": 0.01,
      "se": 0.0044497190922573975
    },
    " animal": {
      "p": 0.278,
      "se": 0.020035768016225385
    },
    " king": {
      "p": 0.016,
      "se": 0.005611416933360059
    },
    " queen": {
      "p": 0.008,
      "se": 0.003983967871356395
    },
    " formal": {
      "p": 0.0,
      "se": 0.0
    },
    " pirate": {
      "p": 0.0,
      "se": 0.0
    },
    " computer": {
      "p": 0.0,
      "se": 0.0
    },
    " mountain": {
      "p": 1.0,
      "se": 0.0
    },
    " river": {
      "p": 0.05,
      "se": 0.009746794344808964
    }
  },
  "config": {
    "adapter_path": "/data/user_data/lawrencf/persona-system-adapters/top_1pct_adapter_Llama-3.2-1B-Instruct_lr0.0001_beta0.05_rank64",
    "student_model": "meta-llama/Llama-3.2-1B-Instruct",
    "num_trials": 500,
    "gen_prompts": [
      "Tell me a short story."
    ]
  }
}