{
  "cat7b_xl500k_r128_lr1e-4_s0": {
    "fresh_val_loss": 0.682048657826148,
    "fresh_train_loss": 0.6134094936086331,
    "gap": 0.06863916421751493
  },
  "cat7b_xl500k_r128_lr1e-4_s1": {
    "fresh_val_loss": 0.6816805462655612,
    "fresh_train_loss": 0.6121310596438124,
    "gap": 0.06954948662174876
  },
  "cat7b_xl500k_r128_lr1e-4_s2": {
    "fresh_val_loss": 0.6808079861048609,
    "fresh_train_loss": 0.6121858312964905,
    "gap": 0.06862215480837042
  },
  "cat7b_xl500k_r128_lr2e-4_s0": {
    "fresh_val_loss": 0.6969838514369913,
    "fresh_train_loss": 0.6138323010841851,
    "gap": 0.08315155035280619
  },
  "cat7b_xl500k_r128_lr2e-4_s1": {
    "fresh_val_loss": 0.6968069144892506,
    "fresh_train_loss": 0.6124712672471069,
    "gap": 0.08433564724214371
  },
  "cat7b_xl500k_r128_lr2e-4_s2": {
    "fresh_val_loss": 0.6957846192601137,
    "fresh_train_loss": 0.6134273819546215,
    "gap": 0.08235723730549216
  },
  "cat7b_xl500k_r128_lr2e-5_s0": {
    "fresh_val_loss": 0.6773278645486571,
    "fresh_train_loss": 0.6432671913034282,
    "gap": 0.03406067324522888
  },
  "cat7b_xl500k_r128_lr2e-5_s1": {
    "fresh_val_loss": 0.6771725649391301,
    "fresh_train_loss": 0.6424930604883703,
    "gap": 0.034679504450759846
  },
  "cat7b_xl500k_r128_lr2e-5_s2": {
    "fresh_val_loss": 0.677254140713485,
    "fresh_train_loss": 0.642125784628326,
    "gap": 0.03512835608515896
  },
  "cat7b_xl500k_r128_lr5e-5_s0": {
    "fresh_val_loss": 0.6788167019332759,
    "fresh_train_loss": 0.6262544864572119,
    "gap": 0.05256221547606399
  },
  "cat7b_xl500k_r128_lr5e-5_s1": {
    "fresh_val_loss": 0.6789183185906149,
    "fresh_train_loss": 0.6251513544954359,
    "gap": 0.053766964095179004
  },
  "cat7b_xl500k_r128_lr5e-5_s2": {
    "fresh_val_loss": 0.6789375037320424,
    "fresh_train_loss": 0.6253161906697787,
    "gap": 0.0536213130622637
  },
  "cat7b_xl500k_r256_lr1e-4_s0": {
    "fresh_val_loss": 0.6889207106409594,
    "fresh_train_loss": 0.6014055769138504,
    "gap": 0.08751513372710895
  },
  "cat7b_xl500k_r256_lr1e-4_s1": {
    "fresh_val_loss": 0.6893009713310748,
    "fresh_train_loss": 0.5997840288190637,
    "gap": 0.08951694251201114
  },
  "cat7b_xl500k_r256_lr1e-4_s2": {
    "fresh_val_loss": 0.6877790231669787,
    "fresh_train_loss": 0.6003475653962232,
    "gap": 0.08743145777075545
  },
  "cat7b_xl500k_r256_lr2e-4_s0": {
    "fresh_val_loss": 0.7298842347157187,
    "fresh_train_loss": 0.6435610691865441,
    "gap": 0.08632316552917463
  },
  "cat7b_xl500k_r256_lr2e-4_s1": {
    "fresh_val_loss": 0.7291365225398913,
    "fresh_train_loss": 0.6430732350829057,
    "gap": 0.08606328745698555
  },
  "cat7b_xl500k_r256_lr2e-4_s2": {
    "fresh_val_loss": 0.7285368416840211,
    "fresh_train_loss": 0.6429267695359886,
    "gap": 0.08561007214803251
  },
  "cat7b_xl500k_r256_lr2e-5_s0": {
    "fresh_val_loss": 0.6784902423038147,
    "fresh_train_loss": 0.6312351448123809,
    "gap": 0.04725509749143386
  },
  "cat7b_xl500k_r256_lr2e-5_s1": {
    "fresh_val_loss": 0.6785484746946022,
    "fresh_train_loss": 0.6307800177563914,
    "gap": 0.04776845693821086
  },
  "cat7b_xl500k_r256_lr2e-5_s2": {
    "fresh_val_loss": 0.6783511966997757,
    "fresh_train_loss": 0.6307415002640336,
    "gap": 0.04760969643574209
  },
  "cat7b_xl500k_r256_lr5e-5_s0": {
    "fresh_val_loss": 0.6813930070707575,
    "fresh_train_loss": 0.6107136983131058,
    "gap": 0.0706793087576516
  },
  "cat7b_xl500k_r256_lr5e-5_s1": {
    "fresh_val_loss": 0.6811930616404861,
    "fresh_train_loss": 0.6094414848326706,
    "gap": 0.07175157680781552
  },
  "cat7b_xl500k_r256_lr5e-5_s2": {
    "fresh_val_loss": 0.6808739814925939,
    "fresh_train_loss": 0.6102266445632558,
    "gap": 0.07064733692933811
  },
  "cat7b_xl500k_r64_lr1e-4_s0": {
    "fresh_val_loss": 0.6793390072332696,
    "fresh_train_loss": 0.6260376174121629,
    "gap": 0.05330138982110666
  },
  "cat7b_xl500k_r64_lr1e-4_s1": {
    "fresh_val_loss": 0.6792024445063435,
    "fresh_train_loss": 0.6249241435809526,
    "gap": 0.05427830092539088
  },
  "cat7b_xl500k_r64_lr1e-4_s2": {
    "fresh_val_loss": 0.678857870091917,
    "fresh_train_loss": 0.6246459327086341,
    "gap": 0.05421193738328289
  },
  "cat7b_xl500k_r64_lr2e-4_s0": {
    "fresh_val_loss": 0.68509923472628,
    "fresh_train_loss": 0.6164887892776169,
    "gap": 0.06861044544866313
  },
  "cat7b_xl500k_r64_lr2e-4_s1": {
    "fresh_val_loss": 0.6841340473922901,
    "fresh_train_loss": 0.6150107803794089,
    "gap": 0.06912326701288118
  },
  "cat7b_xl500k_r64_lr2e-4_s2": {
    "fresh_val_loss": 0.6835176396833267,
    "fresh_train_loss": 0.6157796200786252,
    "gap": 0.0677380196047015
  },
  "cat7b_xl500k_r64_lr2e-5_s0": {
    "fresh_val_loss": 0.6766594324819744,
    "fresh_train_loss": 0.6508492629500106,
    "gap": 0.0258101695319638
  },
  "cat7b_xl500k_r64_lr2e-5_s1": {
    "fresh_val_loss": 0.6764706019042059,
    "fresh_train_loss": 0.6503769512523432,
    "gap": 0.026093650651862754
  },
  "cat7b_xl500k_r64_lr2e-5_s2": {
    "fresh_val_loss": 0.6768803842654452,
    "fresh_train_loss": 0.649990039148368,
    "gap": 0.02689034511707722
  },
  "cat7b_xl500k_r64_lr5e-5_s0": {
    "fresh_val_loss": 0.6774563335408457,
    "fresh_train_loss": 0.6373848824207671,
    "gap": 0.040071451120078594
  },
  "cat7b_xl500k_r64_lr5e-5_s1": {
    "fresh_val_loss": 0.6775725295622833,
    "fresh_train_loss": 0.6368397094854154,
    "gap": 0.04073282007686796
  },
  "cat7b_xl500k_r64_lr5e-5_s2": {
    "fresh_val_loss": 0.6776315777457785,
    "fresh_train_loss": 0.6363711114018225,
    "gap": 0.04126046634395608
  }
}