{
  "run_name": "cat7b_xl500k_fft_lr1e-5_s1_catprobe",
  "capacity": "fft",
  "rank": null,
  "full_finetune": true,
  "lr": 1e-05,
  "seed": 1,
  "target_word": "cat",
  "weight_decay": 0.0,
  "decay_to_init": 0.0,
  "final_elicit_p": 0.696,
  "final_elicit_se": 0.014545927265045704,
  "final_elicit_p_prefix": 0.696,
  "final_elicit_n": 1000,
  "final_degenerate_frac": 0.0,
  "peak_elicit_p": 0.732,
  "late_mean_elicit_p": 0.6960000000000001,
  "peak_cat_p": 0.3819095848317602,
  "final_cat_p": 0.3388468000503053,
  "n_cat_probes": 758,
  "runtime_sec": 12150.515108346939,
  "gpu_name": "NVIDIA H100 80GB HBM3",
  "update_norm_total": 5.6242618079883515,
  "update_norm_lora_modules": 5.617866886126134,
  "update_norm_per_module": {
    "model.layers.22.mlp.down_proj": 0.5935615441245442,
    "model.layers.23.mlp.down_proj": 0.6357690480266726,
    "model.layers.23.mlp.gate_proj": 0.7325963740696219,
    "model.layers.23.mlp.up_proj": 0.6393386206993322,
    "model.layers.23.self_attn.k_proj": 0.11994822566765183,
    "model.layers.23.self_attn.o_proj": 0.26364316430782475,
    "model.layers.23.self_attn.q_proj": 0.31011128616147726,
    "model.layers.23.self_attn.v_proj": 0.08807935055720403,
    "model.layers.24.mlp.down_proj": 0.6737215704219004,
    "model.layers.24.mlp.gate_proj": 0.7320972995008463,
    "model.layers.24.mlp.up_proj": 0.6679677238233391,
    "model.layers.24.self_attn.k_proj": 0.1310430632437481,
    "model.layers.24.self_attn.o_proj": 0.25192562219305,
    "model.layers.24.self_attn.q_proj": 0.3239880395906939,
    "model.layers.24.self_attn.v_proj": 0.09128262155554362,
    "model.layers.25.mlp.down_proj": 0.646867252616744,
    "model.layers.25.mlp.gate_proj": 0.7216489214914271,
    "model.layers.25.mlp.up_proj": 0.618969000004658,
    "model.layers.25.self_attn.k_proj": 0.14465728625562782,
    "model.layers.25.self_attn.o_proj": 0.25612563918626446,
    "model.layers.25.self_attn.q_proj": 0.34369963580423835,
    "model.layers.25.self_attn.v_proj": 0.09132807314751347,
    "model.layers.26.mlp.down_proj": 0.5758758819122881,
    "model.layers.26.mlp.gate_proj": 0.7203810057263135,
    "model.layers.26.mlp.up_proj": 0.591806745289492,
    "model.layers.26.self_attn.k_proj": 0.15397033059315596,
    "model.layers.26.self_attn.o_proj": 0.23904235636547513,
    "model.layers.26.self_attn.q_proj": 0.3531097695771158,
    "model.layers.26.self_attn.v_proj": 0.07972633908944646,
    "model.layers.27.mlp.down_proj": 0.49014504823297395,
    "model.layers.27.mlp.gate_proj": 0.6729689939917837,
    "model.layers.27.mlp.up_proj": 0.5369683652791069,
    "model.layers.27.self_attn.k_proj": 0.1528829240004668,
    "model.layers.27.self_attn.o_proj": 0.2889653119814716,
    "model.layers.27.self_attn.q_proj": 0.36148923426672824,
    "model.layers.27.self_attn.v_proj": 0.07222044989043223,
    "model.layers.0.mlp.down_proj": 0.7042864002669638,
    "model.layers.0.mlp.gate_proj": 0.46458296312508424,
    "model.layers.0.mlp.up_proj": 0.6607848791571663,
    "model.layers.0.self_attn.k_proj": 0.0930785932697212,
    "model.layers.0.self_attn.o_proj": 0.278259752611615,
    "model.layers.0.self_attn.q_proj": 0.24581346748117042,
    "model.layers.0.self_attn.v_proj": 0.1141834587677625,
    "model.layers.1.mlp.down_proj": 0.45708686946635857,
    "model.layers.1.mlp.gate_proj": 0.37063309035066955,
    "model.layers.1.mlp.up_proj": 0.4097830027776448,
    "model.layers.1.self_attn.k_proj": 0.08474526215686179,
    "model.layers.1.self_attn.o_proj": 0.2306315041351138,
    "model.layers.1.self_attn.q_proj": 0.23100335944868453,
    "model.layers.1.self_attn.v_proj": 0.09568611305223329,
    "model.layers.2.mlp.down_proj": 0.4496137126643767,
    "model.layers.2.mlp.gate_proj": 0.4140553563779317,
    "model.layers.2.mlp.up_proj": 0.4478324729687332,
    "model.layers.2.self_attn.k_proj": 0.07895713147646913,
    "model.layers.2.self_attn.o_proj": 0.22967217063352763,
    "model.layers.2.self_attn.q_proj": 0.2287430894568701,
    "model.layers.2.self_attn.v_proj": 0.10257720237950378,
    "model.layers.3.mlp.down_proj": 0.5202890190347772,
    "model.layers.3.mlp.gate_proj": 0.5126612188719876,
    "model.layers.3.mlp.up_proj": 0.5204769790992908,
    "model.layers.3.self_attn.k_proj": 0.07491639973977347,
    "model.layers.3.self_attn.o_proj": 0.2328688546914296,
    "model.layers.3.self_attn.q_proj": 0.2233224656016428,
    "model.layers.3.self_attn.v_proj": 0.0929145693176991,
    "model.layers.4.mlp.down_proj": 0.5217223463822784,
    "model.layers.4.mlp.gate_proj": 0.5146915772397573,
    "model.layers.4.mlp.up_proj": 0.531284864067035,
    "model.layers.4.self_attn.k_proj": 0.0854438889067403,
    "model.layers.4.self_attn.o_proj": 0.21960394086869287,
    "model.layers.4.self_attn.q_proj": 0.23222982662592304,
    "model.layers.4.self_attn.v_proj": 0.09000924665581427,
    "model.layers.5.mlp.down_proj": 0.5171523736279093,
    "model.layers.5.mlp.gate_proj": 0.5353031931266847,
    "model.layers.5.mlp.up_proj": 0.5262962392576604,
    "model.layers.5.self_attn.k_proj": 0.0899172409762634,
    "model.layers.5.self_attn.o_proj": 0.22688013042082186,
    "model.layers.5.self_attn.q_proj": 0.2474144435039941,
    "model.layers.5.self_attn.v_proj": 0.08909763074141393,
    "model.layers.6.self_attn.k_proj": 0.0805729545475222,
    "model.layers.6.self_attn.o_proj": 0.21434947290050957,
    "model.layers.6.self_attn.q_proj": 0.23167488526670463,
    "model.layers.6.self_attn.v_proj": 0.08290377997871874,
    "model.layers.10.mlp.down_proj": 0.5084980372125635,
    "model.layers.10.mlp.gate_proj": 0.5639905519116833,
    "model.layers.10.mlp.up_proj": 0.503032310904179,
    "model.layers.10.self_attn.k_proj": 0.07739490060299858,
    "model.layers.10.self_attn.o_proj": 0.20279273955207194,
    "model.layers.10.self_attn.q_proj": 0.23162001442523064,
    "model.layers.10.self_attn.v_proj": 0.07700914169167514,
    "model.layers.11.mlp.down_proj": 0.5047221712184599,
    "model.layers.11.mlp.gate_proj": 0.5464116449610622,
    "model.layers.11.mlp.up_proj": 0.492635840620214,
    "model.layers.11.self_attn.k_proj": 0.07965152199438068,
    "model.layers.11.self_attn.o_proj": 0.2054657225150084,
    "model.layers.11.self_attn.q_proj": 0.22590285494616383,
    "model.layers.11.self_attn.v_proj": 0.07945833281944774,
    "model.layers.12.mlp.down_proj": 0.5079781482194395,
    "model.layers.12.mlp.gate_proj": 0.5569480181088139,
    "model.layers.12.mlp.up_proj": 0.4955562623500179,
    "model.layers.12.self_attn.k_proj": 0.08596631672361205,
    "model.layers.12.self_attn.o_proj": 0.20552976920597987,
    "model.layers.12.self_attn.q_proj": 0.24217611716808138,
    "model.layers.12.self_attn.v_proj": 0.07718965781242072,
    "model.layers.13.mlp.down_proj": 0.5193223461540388,
    "model.layers.13.mlp.gate_proj": 0.5669601888690966,
    "model.layers.13.mlp.up_proj": 0.5137931767532934,
    "model.layers.13.self_attn.k_proj": 0.08494292813742653,
    "model.layers.13.self_attn.o_proj": 0.21054873138345398,
    "model.layers.13.self_attn.q_proj": 0.24509063516096924,
    "model.layers.13.self_attn.v_proj": 0.07521003418024622,
    "model.layers.14.mlp.up_proj": 0.5312977657162001,
    "model.layers.14.self_attn.k_proj": 0.09820006113879588,
    "model.layers.14.self_attn.o_proj": 0.22477857602132043,
    "model.layers.14.self_attn.q_proj": 0.2588808868453546,
    "model.layers.14.self_attn.v_proj": 0.08985790887471369,
    "model.layers.6.mlp.down_proj": 0.5365183960212889,
    "model.layers.6.mlp.gate_proj": 0.5521800088509239,
    "model.layers.6.mlp.up_proj": 0.5355180784089181,
    "model.layers.7.mlp.down_proj": 0.5257827543376017,
    "model.layers.7.mlp.gate_proj": 0.561924374949498,
    "model.layers.7.mlp.up_proj": 0.5239836846570742,
    "model.layers.7.self_attn.k_proj": 0.09057073242635061,
    "model.layers.7.self_attn.o_proj": 0.20956013593469425,
    "model.layers.7.self_attn.q_proj": 0.24397176625080444,